{"cameraMode":{"drawMode":0,"name":"Shaded","section":"Shading Mode"},"sceneLighting":true,"audioPlay":false,"sceneViewState":{"showFog":true,"showMaterialUpdate":true,"showSkybox":true,"showFlares":true,"showImageEffects":true,"showParticleSystems":true},"in2DMode":false,"pivot":{"x":8.01736068725586,"y":9.198930740356446,"z":-0.6305599212646484},"rotation":{"x":0.27921220660209658,"y":0.2123635709285736,"z":-0.06346678733825684,"w":0.9343040585517883},"size":35.902259826660159,"orthographic":false}