{"cameraMode":{"drawMode":0,"name":"Shaded","section":"Shading Mode"},"sceneLighting":false,"audioPlay":false,"sceneViewState":{"showFog":true,"showMaterialUpdate":true,"showSkybox":false,"showFlares":true,"showImageEffects":true,"showParticleSystems":true},"in2DMode":false,"pivot":{"x":0.5000001788139343,"y":0.0,"z":-5.960464477539063e-8},"rotation":{"x":-0.356471985578537,"y":-0.007559448480606079,"z":0.0028858196455985309,"w":-0.9342763423919678},"size":1.7500900030136109,"orthographic":false}