{"cameraMode":{"drawMode":0,"name":"Shaded","section":"Shading Mode"},"sceneLighting":false,"audioPlay":false,"sceneViewState":{"showFog":false,"showMaterialUpdate":false,"showSkybox":false,"showFlares":false,"showImageEffects":false,"showParticleSystems":false},"in2DMode":false,"pivot":{"x":-0.24784445762634278,"y":-0.7642969489097595,"z":-0.08916693925857544},"rotation":{"x":-0.22175206243991853,"y":0.5813087224960327,"z":-0.1686149388551712,"w":-0.7645207047462463},"size":6.521371841430664,"orthographic":false}