{"cameraMode":{"drawMode":0,"name":"Shaded","section":"Shading Mode"},"sceneLighting":false,"audioPlay":false,"sceneViewState":{"showFog":false,"showMaterialUpdate":false,"showSkybox":false,"showFlares":false,"showImageEffects":false,"showParticleSystems":false},"in2DMode":false,"pivot":{"x":-1.138648271560669,"y":-0.11903005838394165,"z":0.29922670125961306},"rotation":{"x":-0.17474298179149629,"y":0.7019369602203369,"z":-0.18433648347854615,"w":-0.6654216647148132},"size":3.151171922683716,"orthographic":false}