{"cameraMode":{"drawMode":0,"name":"Shaded","section":"Shading Mode"},"sceneLighting":false,"audioPlay":false,"sceneViewState":{"showFog":true,"showMaterialUpdate":true,"showSkybox":false,"showFlares":true,"showImageEffects":true,"showParticleSystems":true},"in2DMode":false,"pivot":{"x":-10.803466796875,"y":-0.4698069989681244,"z":0.9568080306053162},"rotation":{"x":0.12729127705097199,"y":-0.6149436235427856,"z":0.10144895315170288,"w":0.7715896368026733},"size":3.3452341556549074,"orthographic":false}