{"cameraMode":{"drawMode":0,"name":"Shaded","section":"Shading Mode"},"sceneLighting":true,"audioPlay":false,"sceneViewState":{"showFog":true,"showMaterialUpdate":true,"showSkybox":true,"showFlares":true,"showImageEffects":true,"showParticleSystems":true},"in2DMode":false,"pivot":{"x":11.126655578613282,"y":-1.0825262069702149,"z":-0.9588232040405273},"rotation":{"x":-0.21906711161136628,"y":-0.27902400493621828,"z":0.06553792208433151,"w":-0.9326707124710083},"size":18.783700942993165,"orthographic":false}