{"cameraMode":{"drawMode":0,"name":"Shaded","section":"Shading Mode"},"sceneLighting":false,"audioPlay":false,"sceneViewState":{"showFog":true,"showMaterialUpdate":true,"showSkybox":false,"showFlares":true,"showImageEffects":true,"showParticleSystems":true},"in2DMode":false,"pivot":{"x":2.108271837234497,"y":0.8093703389167786,"z":-0.0033993758261203768},"rotation":{"x":0.11542247980833054,"y":-0.14841647446155549,"z":0.01744440384209156,"w":0.9820111989974976},"size":1.1977657079696656,"orthographic":false}