{"cameraMode":{"drawMode":0,"name":"Shaded","section":"Shading Mode"},"sceneLighting":true,"audioPlay":false,"sceneViewState":{"showFog":false,"showMaterialUpdate":false,"showSkybox":false,"showFlares":false,"showImageEffects":false,"showParticleSystems":false},"in2DMode":false,"pivot":{"x":4.41950798034668,"y":0.27010536193847659,"z":12.38766860961914},"rotation":{"x":0.2289954125881195,"y":-0.26049038767814639,"z":0.06374634802341461,"w":0.9357577562332153},"size":46.470306396484378,"orthographic":false}