{"cameraMode":{"drawMode":0,"name":"Shaded","section":"Shading Mode"},"sceneLighting":true,"audioPlay":false,"sceneViewState":{"showFog":true,"showMaterialUpdate":true,"showSkybox":true,"showFlares":true,"showImageEffects":true,"showParticleSystems":true},"in2DMode":false,"pivot":{"x":359.360107421875,"y":39.08062744140625,"z":539.2469482421875},"rotation":{"x":0.23858918249607087,"y":-0.29166778922080996,"z":0.07537318766117096,"w":0.9232212901115418},"size":2086.370361328125,"orthographic":false}