{"cameraMode":{"drawMode":0,"name":"Shaded","section":"Shading Mode"},"sceneLighting":false,"audioPlay":false,"sceneViewState":{"showFog":false,"showMaterialUpdate":false,"showSkybox":false,"showFlares":false,"showImageEffects":false,"showParticleSystems":false},"in2DMode":false,"pivot":{"x":0.24999988079071046,"y":-0.09999993443489075,"z":-1.1920928955078126e-7},"rotation":{"x":0.20132936537265778,"y":0.5939692854881287,"z":-0.15673716366291047,"w":0.7629554867744446},"size":7.738114833831787,"orthographic":false}