{"cameraMode":{"drawMode":0,"name":"Shaded","section":"Shading Mode"},"sceneLighting":true,"audioPlay":false,"sceneViewState":{"showFog":true,"showMaterialUpdate":true,"showSkybox":false,"showFlares":true,"showImageEffects":true,"showParticleSystems":true},"in2DMode":false,"pivot":{"x":-5.198575973510742,"y":2.7454833984375,"z":-4.762351989746094},"rotation":{"x":0.23694728314876557,"y":-0.5036808848381043,"z":0.14592675864696504,"w":0.8178467750549316},"size":44.40964126586914,"orthographic":false}