{"cameraMode":{"drawMode":0,"name":"Shaded","section":"Shading Mode"},"sceneLighting":false,"audioPlay":false,"sceneViewState":{"showFog":true,"showMaterialUpdate":true,"showSkybox":false,"showFlares":true,"showImageEffects":true,"showParticleSystems":true},"in2DMode":false,"pivot":{"x":1.7799999713897706,"y":-0.3700000047683716,"z":-1.0499999523162842},"rotation":{"x":-0.356471985578537,"y":-0.007559448480606079,"z":0.0028858196455985309,"w":-0.9342763423919678},"size":1.6500000953674317,"orthographic":false}