{"cameraMode":{"drawMode":0,"name":"Shaded","section":"Shading Mode"},"sceneLighting":false,"audioPlay":false,"sceneViewState":{"showFog":true,"showMaterialUpdate":true,"showSkybox":false,"showFlares":true,"showImageEffects":true,"showParticleSystems":true},"in2DMode":false,"pivot":{"x":3.743435859680176,"y":-0.5898725986480713,"z":0.6233378052711487},"rotation":{"x":0.5447096228599548,"y":-0.2326137274503708,"z":0.16047397255897523,"w":0.7895775437355042},"size":3.4738240242004396,"orthographic":false}