{"cameraMode":{"drawMode":0,"name":"Shaded","section":"Shading Mode"},"sceneLighting":false,"audioPlay":false,"sceneViewState":{"showFog":true,"showMaterialUpdate":true,"showSkybox":false,"showFlares":true,"showImageEffects":true,"showParticleSystems":true},"in2DMode":false,"pivot":{"x":0.24999988079071046,"y":-0.09999993443489075,"z":-1.1920928955078126e-7},"rotation":{"x":-0.08685657382011414,"y":0.02779916115105152,"z":-0.002425134414806962,"w":-0.9958358407020569},"size":7.738114833831787,"orthographic":false}