{"cameraMode":{"drawMode":0,"name":"Shaded","section":"Shading Mode"},"sceneLighting":true,"audioPlay":false,"sceneViewState":{"showFog":true,"showMaterialUpdate":false,"showSkybox":true,"showFlares":true,"showImageEffects":true,"showParticleSystems":true},"in2DMode":false,"pivot":{"x":0.38913965225219729,"y":-0.0536961555480957,"z":-0.3307638168334961},"rotation":{"x":-0.08217991143465042,"y":0.9092012047767639,"z":-0.2155798077583313,"w":-0.34659162163734438},"size":10.0,"orthographic":false}