{"cameraMode":{"drawMode":0,"name":"Shaded","section":"Shading Mode"},"sceneLighting":true,"audioPlay":false,"sceneViewState":{"showFog":true,"showMaterialUpdate":false,"showSkybox":true,"showFlares":true,"showImageEffects":true,"showParticleSystems":true},"in2DMode":false,"pivot":{"x":-39.15364456176758,"y":512.0264282226563,"z":-1249.8594970703125},"rotation":{"x":0.38583478331565859,"y":-0.1803048998117447,"z":0.07717056572437287,"w":0.9014814496040344},"size":11.300180435180664,"orthographic":false}