{"cameraMode":{"drawMode":0,"name":"Shaded","section":"Shading Mode"},"sceneLighting":true,"audioPlay":false,"sceneViewState":{"showFog":true,"showMaterialUpdate":false,"showSkybox":true,"showFlares":true,"showImageEffects":true,"showParticleSystems":true},"in2DMode":false,"pivot":{"x":-2761.78515625,"y":74.42329406738281,"z":-1211.2393798828125},"rotation":{"x":0.0896480605006218,"y":-0.9013743996620178,"z":0.35886940360069277,"w":0.22516906261444093},"size":9167.6962890625,"orthographic":false}