{"cameraMode":{"drawMode":0,"name":"Shaded","section":"Shading Mode"},"sceneLighting":false,"audioPlay":false,"sceneViewState":{"showFog":true,"showMaterialUpdate":false,"showSkybox":false,"showFlares":true,"showImageEffects":true,"showParticleSystems":true},"in2DMode":false,"pivot":{"x":-2277.878173828125,"y":-152.0110321044922,"z":-569.2579345703125},"rotation":{"x":-0.12880133092403413,"y":0.7935771942138672,"z":-0.18037815392017365,"w":-0.5666645765304565},"size":1659.2171630859375,"orthographic":false}