{"cameraMode":{"drawMode":0,"name":"Shaded","section":"Shading Mode"},"sceneLighting":false,"audioPlay":false,"sceneViewState":{"showFog":true,"showMaterialUpdate":false,"showSkybox":false,"showFlares":true,"showImageEffects":true,"showParticleSystems":true},"in2DMode":false,"pivot":{"x":208.06622314453126,"y":18.49053955078125,"z":-17.736888885498048},"rotation":{"x":0.0015462232986465097,"y":0.8569329977035523,"z":-0.5154199600219727,"w":0.0025708642788231374},"size":47.36722183227539,"orthographic":false}