{"cameraMode":{"drawMode":0,"name":"Shaded","section":"Shading Mode"},"sceneLighting":false,"audioPlay":false,"sceneViewState":{"showFog":true,"showMaterialUpdate":false,"showSkybox":false,"showFlares":true,"showImageEffects":true,"showParticleSystems":true},"in2DMode":false,"pivot":{"x":-2522.0,"y":406.6815185546875,"z":-21.4207763671875},"rotation":{"x":0.09486009180545807,"y":-0.5640721321105957,"z":0.06544161587953568,"w":0.8176438808441162},"size":2363.945068359375,"orthographic":false}