{"cameraMode":{"drawMode":0,"name":"Shaded","section":"Shading Mode"},"sceneLighting":true,"audioPlay":false,"sceneViewState":{"showFog":true,"showMaterialUpdate":false,"showSkybox":true,"showFlares":true,"showImageEffects":true,"showParticleSystems":true},"in2DMode":false,"pivot":{"x":-1.988438606262207,"y":0.0,"z":-0.0037013888359069826},"rotation":{"x":-0.18599407374858857,"y":-0.4242709279060364,"z":0.08949826657772064,"w":-0.8817026019096375},"size":11.605134010314942,"orthographic":false}