{"cameraMode":{"drawMode":0,"name":"Shaded","section":"Shading Mode"},"sceneLighting":false,"audioPlay":false,"sceneViewState":{"showFog":true,"showMaterialUpdate":false,"showSkybox":false,"showFlares":true,"showImageEffects":true,"showParticleSystems":true},"in2DMode":false,"pivot":{"x":-3438.630859375,"y":580.97802734375,"z":-245.80618286132813},"rotation":{"x":0.08128107339143753,"y":0.7990668416023254,"z":-0.11101306974887848,"w":0.5852884650230408},"size":1847.94140625,"orthographic":false}