{"cameraMode":{"drawMode":0,"name":"Shaded","section":"Shading Mode"},"sceneLighting":false,"audioPlay":false,"sceneViewState":{"showFog":true,"showMaterialUpdate":false,"showSkybox":false,"showFlares":true,"showImageEffects":true,"showParticleSystems":true},"in2DMode":false,"pivot":{"x":564.8718872070313,"y":32.35637664794922,"z":106.53832244873047},"rotation":{"x":0.26016858220100405,"y":-0.6325767040252686,"z":0.23875272274017335,"w":0.6893177628517151},"size":154.63812255859376,"orthographic":false}