{"cameraMode":{"drawMode":0,"name":"Shaded","section":"Shading Mode"},"sceneLighting":false,"audioPlay":false,"sceneViewState":{"showFog":true,"showMaterialUpdate":false,"showSkybox":false,"showFlares":true,"showImageEffects":true,"showParticleSystems":true},"in2DMode":false,"pivot":{"x":-0.0005731582641601563,"y":0.40000009536743166,"z":-0.00015735626220703125},"rotation":{"x":0.133050337433815,"y":0.4536726176738739,"z":-0.06870951503515244,"w":0.878498911857605},"size":11.437150955200196,"orthographic":false}