{"cameraMode":{"drawMode":0,"name":"Shaded","section":"Shading Mode"},"sceneLighting":false,"audioPlay":false,"sceneViewState":{"showFog":true,"showMaterialUpdate":false,"showSkybox":false,"showFlares":true,"showImageEffects":true,"showParticleSystems":true},"in2DMode":false,"pivot":{"x":50.91288757324219,"y":274.8626708984375,"z":-305.9021301269531},"rotation":{"x":0.08876113593578339,"y":0.6851542592048645,"z":-0.08470161259174347,"w":0.7179918885231018},"size":900.7822875976563,"orthographic":false}