{"cameraMode":{"drawMode":0,"name":"Shaded","section":"Shading Mode"},"sceneLighting":true,"audioPlay":false,"sceneViewState":{"showFog":true,"showMaterialUpdate":false,"showSkybox":false,"showFlares":true,"showImageEffects":true,"showParticleSystems":true},"in2DMode":false,"pivot":{"x":900.3504638671875,"y":-69.06183624267578,"z":14.249222755432129},"rotation":{"x":0.2800382673740387,"y":-0.7128437757492065,"z":0.3911873996257782,"w":0.5103018283843994},"size":195.8340301513672,"orthographic":false}