{"cameraMode":{"drawMode":0,"name":"Shaded","section":"Shading Mode"},"sceneLighting":false,"audioPlay":false,"sceneViewState":{"showFog":true,"showMaterialUpdate":false,"showSkybox":false,"showFlares":true,"showImageEffects":true,"showParticleSystems":true},"in2DMode":false,"pivot":{"x":-1637.8095703125,"y":-74.44287109375,"z":-364.35028076171877},"rotation":{"x":0.07042309641838074,"y":-0.837462306022644,"z":0.11119174212217331,"w":0.5304081439971924},"size":2057.816162109375,"orthographic":false}