{"cameraMode":{"drawMode":0,"name":"Shaded","section":"Shading Mode"},"sceneLighting":false,"audioPlay":false,"sceneViewState":{"showFog":true,"showMaterialUpdate":false,"showSkybox":false,"showFlares":true,"showImageEffects":true,"showParticleSystems":true},"in2DMode":false,"pivot":{"x":-575.387451171875,"y":279.6826171875,"z":-94.8162612915039},"rotation":{"x":0.0693977102637291,"y":0.8387365937232971,"z":0.11008074134588242,"w":-0.5287595987319946},"size":244.70849609375,"orthographic":false}