{"cameraMode":{"drawMode":0,"name":"Shaded","section":"Shading Mode"},"sceneLighting":false,"audioPlay":false,"sceneViewState":{"showFog":true,"showMaterialUpdate":false,"showSkybox":false,"showFlares":true,"showImageEffects":true,"showParticleSystems":true},"in2DMode":false,"pivot":{"x":792.320556640625,"y":7.140480041503906,"z":-12.21231746673584},"rotation":{"x":0.1238834485411644,"y":0.36245810985565188,"z":-0.0486777164041996,"w":0.9224464893341065},"size":217.147216796875,"orthographic":false}