{"cameraMode":{"drawMode":0,"name":"Shaded","section":"Shading Mode"},"sceneLighting":false,"audioPlay":false,"sceneViewState":{"showFog":true,"showMaterialUpdate":false,"showSkybox":false,"showFlares":true,"showImageEffects":true,"showParticleSystems":true},"in2DMode":false,"pivot":{"x":-476.929443359375,"y":77.3114242553711,"z":-27.725194931030275},"rotation":{"x":0.14780226349830628,"y":0.39510756731033327,"z":-0.06457331031560898,"w":0.9043643474578857},"size":691.5170288085938,"orthographic":false}