{"cameraMode":{"drawMode":0,"name":"Shaded","section":"Shading Mode"},"sceneLighting":false,"audioPlay":false,"sceneViewState":{"showFog":true,"showMaterialUpdate":false,"showSkybox":false,"showFlares":true,"showImageEffects":true,"showParticleSystems":true},"in2DMode":false,"pivot":{"x":374.22064208984377,"y":12.006214141845704,"z":14.123601913452149},"rotation":{"x":0.10226960480213165,"y":0.516049325466156,"z":-0.062224872410297397,"w":0.8481518030166626},"size":65.50205993652344,"orthographic":false}