{"cameraMode":{"drawMode":0,"name":"Shaded","section":"Shading Mode"},"sceneLighting":true,"audioPlay":false,"sceneViewState":{"showFog":true,"showMaterialUpdate":false,"showSkybox":false,"showFlares":true,"showImageEffects":true,"showParticleSystems":true},"in2DMode":false,"pivot":{"x":844.9734497070313,"y":16.48340606689453,"z":5.171648025512695},"rotation":{"x":0.4833585023880005,"y":-0.35233768820762637,"z":0.22109368443489076,"w":0.7702864408493042},"size":112.55072784423828,"orthographic":false}