{"cameraMode":{"drawMode":0,"name":"Shaded","section":"Shading Mode"},"sceneLighting":false,"audioPlay":false,"sceneViewState":{"showFog":true,"showMaterialUpdate":false,"showSkybox":false,"showFlares":true,"showImageEffects":true,"showParticleSystems":true},"in2DMode":false,"pivot":{"x":102.73603820800781,"y":92.36404418945313,"z":186.92819213867188},"rotation":{"x":0.11997244507074356,"y":0.5430116057395935,"z":-0.0787384957075119,"w":0.8273736834526062},"size":425.2529296875,"orthographic":false}