{"cameraMode":{"drawMode":0,"name":"Shaded","section":"Shading Mode"},"sceneLighting":false,"audioPlay":false,"sceneViewState":{"showFog":true,"showMaterialUpdate":false,"showSkybox":false,"showFlares":true,"showImageEffects":true,"showParticleSystems":true},"in2DMode":false,"pivot":{"x":559.3208618164063,"y":33.89928436279297,"z":62.150001525878909},"rotation":{"x":0.22173596918582917,"y":-0.7376742362976074,"z":0.2873041033744812,"w":0.5693231821060181},"size":53.768218994140628,"orthographic":false}