{"cameraMode":{"drawMode":0,"name":"Shaded","section":"Shading Mode"},"sceneLighting":false,"audioPlay":false,"sceneViewState":{"showFog":true,"showMaterialUpdate":false,"showSkybox":false,"showFlares":true,"showImageEffects":true,"showParticleSystems":true},"in2DMode":false,"pivot":{"x":521.9401245117188,"y":8.448437690734864,"z":5.593084812164307},"rotation":{"x":0.06295745074748993,"y":-0.00538757024332881,"z":0.0003398930130060762,"w":0.9980015754699707},"size":31.99524688720703,"orthographic":true}