{"cameraMode":{"drawMode":0,"name":"Shaded","section":"Shading Mode"},"sceneLighting":true,"audioPlay":false,"sceneViewState":{"showFog":true,"showMaterialUpdate":false,"showSkybox":false,"showFlares":true,"showImageEffects":true,"showParticleSystems":true},"in2DMode":false,"pivot":{"x":759.5748901367188,"y":25.78453826904297,"z":25.942825317382814},"rotation":{"x":0.16083510220050813,"y":-0.8163760900497437,"z":0.27144473791122439,"w":0.4837154448032379},"size":213.4466094970703,"orthographic":false}