{"cameraMode":{"drawMode":0,"name":"Shaded","section":"Shading Mode"},"sceneLighting":false,"audioPlay":false,"sceneViewState":{"showFog":true,"showMaterialUpdate":false,"showSkybox":false,"showFlares":true,"showImageEffects":true,"showParticleSystems":true},"in2DMode":false,"pivot":{"x":-2954.912109375,"y":532.2332763671875,"z":-410.91571044921877},"rotation":{"x":-0.013921785168349743,"y":0.9860973358154297,"z":-0.11892598122358322,"w":-0.11521956324577332},"size":3083.47900390625,"orthographic":false}