{"cameraMode":{"drawMode":0,"name":"Shaded","section":"Shading Mode"},"sceneLighting":false,"audioPlay":false,"sceneViewState":{"showFog":true,"showMaterialUpdate":false,"showSkybox":false,"showFlares":true,"showImageEffects":true,"showParticleSystems":true},"in2DMode":false,"pivot":{"x":-45.686824798583987,"y":513.9099731445313,"z":-1270.0899658203125},"rotation":{"x":0.05199850723147392,"y":0.13440504670143128,"z":-0.007062780670821667,"w":0.9895374178886414},"size":4.5332746505737309,"orthographic":false}