{"cameraMode":{"drawMode":0,"name":"Shaded","section":"Shading Mode"},"sceneLighting":false,"audioPlay":false,"sceneViewState":{"showFog":true,"showMaterialUpdate":false,"showSkybox":false,"showFlares":true,"showImageEffects":true,"showParticleSystems":true},"in2DMode":false,"pivot":{"x":0.2162618637084961,"y":-0.07545137405395508,"z":-27532.716796875},"rotation":{"x":0.21762904524803163,"y":-0.7142101526260376,"z":0.2525642216205597,"w":0.6154407262802124},"size":44.74629211425781,"orthographic":false}