{"cameraMode":{"drawMode":0,"name":"Shaded","section":"Shading Mode"},"sceneLighting":false,"audioPlay":false,"sceneViewState":{"showFog":true,"showMaterialUpdate":false,"showSkybox":false,"showFlares":true,"showImageEffects":true,"showParticleSystems":true},"in2DMode":false,"pivot":{"x":3.3784027099609377,"y":4.803189754486084,"z":9.976012229919434},"rotation":{"x":-0.06155283749103546,"y":-0.7148251533508301,"z":-0.06342770904302597,"w":0.693695604801178},"size":5.576083183288574,"orthographic":false}