{"cameraMode":{"drawMode":0,"name":"Shaded","section":"Shading Mode"},"sceneLighting":false,"audioPlay":false,"sceneViewState":{"showFog":true,"showMaterialUpdate":false,"showSkybox":false,"showFlares":true,"showImageEffects":true,"showParticleSystems":true},"in2DMode":false,"pivot":{"x":-0.854712724685669,"y":1.7336013317108155,"z":-6.193812370300293},"rotation":{"x":0.411582350730896,"y":-0.2022441327571869,"z":0.09420104324817658,"w":0.8836429119110107},"size":15.978419303894043,"orthographic":true}