{"cameraMode":{"drawMode":0,"name":"Shaded","section":"Shading Mode"},"sceneLighting":false,"audioPlay":false,"sceneViewState":{"showFog":true,"showMaterialUpdate":false,"showSkybox":false,"showFlares":true,"showImageEffects":true,"showParticleSystems":true},"in2DMode":false,"pivot":{"x":268.2381591796875,"y":87.15522766113281,"z":-198.57196044921876},"rotation":{"x":0.11997244507074356,"y":0.5430116057395935,"z":-0.0787384957075119,"w":0.8273736834526062},"size":480.68035888671877,"orthographic":false}