{"cameraMode":{"drawMode":0,"name":"Shaded","section":"Shading Mode"},"sceneLighting":false,"audioPlay":false,"sceneViewState":{"showFog":true,"showMaterialUpdate":false,"showSkybox":false,"showFlares":true,"showImageEffects":true,"showParticleSystems":true},"in2DMode":false,"pivot":{"x":-0.03241187334060669,"y":-0.8029188513755798,"z":-8.883342742919922},"rotation":{"x":0.4385974109172821,"y":-0.1811322271823883,"z":0.09073607623577118,"w":0.8755514621734619},"size":24.49942398071289,"orthographic":true}