{"cameraMode":{"drawMode":0,"name":"Shaded","section":"Shading Mode"},"sceneLighting":true,"audioPlay":false,"sceneViewState":{"showFog":true,"showMaterialUpdate":false,"showSkybox":true,"showFlares":true,"showImageEffects":true,"showParticleSystems":true},"in2DMode":false,"pivot":{"x":1.2990646362304688,"y":-0.3898124694824219,"z":1.1694526672363282},"rotation":{"x":0.23220056295394898,"y":-0.7130780220031738,"z":0.2752673625946045,"w":0.6015352010726929},"size":445.0836486816406,"orthographic":false}