{"cameraMode":{"drawMode":0,"name":"Shaded","section":"Shading Mode"},"sceneLighting":true,"audioPlay":false,"sceneViewState":{"showFog":true,"showMaterialUpdate":false,"showSkybox":false,"showFlares":true,"showImageEffects":true,"showParticleSystems":true},"in2DMode":false,"pivot":{"x":10.971158981323243,"y":2.062472105026245,"z":4.468950271606445},"rotation":{"x":-0.2731199562549591,"y":-0.16293661296367646,"z":0.04699646681547165,"w":-0.946915864944458},"size":234.4979705810547,"orthographic":false}