{"cameraMode":{"drawMode":0,"name":"Shaded","section":"Shading Mode"},"sceneLighting":true,"audioPlay":false,"sceneViewState":{"showFog":true,"showMaterialUpdate":false,"showSkybox":true,"showFlares":true,"showImageEffects":true,"showParticleSystems":true},"in2DMode":false,"pivot":{"x":6.654941558837891,"y":3.272706985473633,"z":8.536523818969727},"rotation":{"x":0.08356989175081253,"y":0.8835646510124207,"z":-0.17286957800388337,"w":0.42713838815689089},"size":10.0,"orthographic":false}