{"cameraMode":{"drawMode":0,"name":"Shaded","section":"Shading Mode"},"sceneLighting":false,"audioPlay":false,"sceneViewState":{"showFog":true,"showMaterialUpdate":false,"showSkybox":false,"showFlares":true,"showImageEffects":true,"showParticleSystems":true},"in2DMode":false,"pivot":{"x":-1345.470947265625,"y":260.0692443847656,"z":214.301513671875},"rotation":{"x":0.27716952562332156,"y":-0.6676027774810791,"z":0.29645177721977236,"w":0.6241803765296936},"size":62.172786712646487,"orthographic":false}