{"cameraMode":{"drawMode":0,"name":"Shaded","section":"Shading Mode"},"sceneLighting":true,"audioPlay":false,"sceneViewState":{"showFog":true,"showMaterialUpdate":false,"showSkybox":false,"showFlares":true,"showImageEffects":true,"showParticleSystems":true},"in2DMode":false,"pivot":{"x":86.18549346923828,"y":85.06290435791016,"z":1716.5458984375},"rotation":{"x":-0.0671611949801445,"y":0.09206569194793701,"z":-0.006224009674042463,"w":-0.993465006351471},"size":940.7903442382813,"orthographic":false}