{"cameraMode":{"drawMode":0,"name":"Shaded","section":"Shading Mode"},"sceneLighting":false,"audioPlay":false,"sceneViewState":{"showFog":true,"showMaterialUpdate":false,"showSkybox":false,"showFlares":true,"showImageEffects":true,"showParticleSystems":true},"in2DMode":false,"pivot":{"x":-1467.861083984375,"y":89.7408676147461,"z":-74.92225646972656},"rotation":{"x":0.21153420209884644,"y":-0.7197418212890625,"z":0.24845947325229646,"w":0.612775444984436},"size":126.01568603515625,"orthographic":true}