{"cameraMode":{"drawMode":0,"name":"Shaded","section":"Shading Mode"},"sceneLighting":false,"audioPlay":false,"sceneViewState":{"showFog":true,"showMaterialUpdate":false,"showSkybox":false,"showFlares":true,"showImageEffects":true,"showParticleSystems":true},"in2DMode":false,"pivot":{"x":-1631.8751220703125,"y":-221.99691772460938,"z":-7.7253570556640629},"rotation":{"x":0.1509144902229309,"y":-0.7661727070808411,"z":0.19482022523880006,"w":0.5935049057006836},"size":2090.365478515625,"orthographic":false}