{"cameraMode":{"drawMode":0,"name":"Shaded","section":"Shading Mode"},"sceneLighting":false,"audioPlay":false,"sceneViewState":{"showFog":true,"showMaterialUpdate":false,"showSkybox":false,"showFlares":true,"showImageEffects":true,"showParticleSystems":true},"in2DMode":false,"pivot":{"x":679.1651611328125,"y":10.601499557495118,"z":10.934722900390625},"rotation":{"x":0.014784540049731732,"y":-0.16867060959339143,"z":0.0025302667636424305,"w":0.9855580925941467},"size":174.25003051757813,"orthographic":false}